Model,CV R²,Test R²,Test RMSE,Test MAE,Overfit Gap
Ridge,0.8157740366009992,0.8544682405957893,1.9364051010155259,1.4510598772801258,-0.038694203994790066
Ensemble,0.7869342092742051,0.8434658459610478,2.0082689950501127,1.4528069386549889,-0.05653163668684269
XGBoost,0.7791180491447449,0.8349742889404297,2.062021142105658,1.484602928161621,-0.05585623979568477
Random Forest,0.7780426173793006,0.8245918219209742,2.1258971365637223,1.5317059619805684,-0.04654920454167366
Gradient Boosting,0.7748021339717757,0.8165331031323882,2.1741834515033687,1.5364828180767869,-0.041730969160612585
