Configuration,Description,N_Features,Ridge_R2,RF_R2,GB_R2,Best_R2,Best_Model
Era And Year,Both Era features and Year_Founded,15,0.8474578223386375,0.8168242631975304,0.8258813418905083,0.8474578223386375,Ridge
Year Founded Only,Year_Founded only (without Date_Joined_Year),10,0.8411135342203544,0.8172763756104408,0.8223976729947665,0.8411135342203544,Ridge
Era Only,"Era categorical features only (Pre-2000, 2000-2009, etc.)",14,0.7367134931753097,0.7217552921654682,0.687998733179968,0.7367134931753097,Ridge
Market Conditions,Market condition features (derived from Year_Founded),15,0.7353276877961374,0.721892102151565,0.6801739121147117,0.7353276877961374,Ridge
Baseline,No temporal features (current baseline),10,0.035677247602112105,-0.09235202390614061,-0.13145573929527177,0.035677247602112105,Ridge
